{"initial_reset_timestamp": 1657423117.4789655, "timestamps": [1657423119.7776072], "episode_lengths": [384], "episode_rewards": [27.0], "episode_types": ["t"]}